{"Gradient/0.linear1.weight": 0.007435668259859085, "_timestamp": 1708269548.7527661, "Gradient/0.linear1.bias": 0.00907056126743555, "Gradient/0.linear2.weight": 0.014289621263742447, "Gradient/0.linear2.bias": 0.0054082805290818214, "Gradient/0.adjust_dimensions.weight": 0.004707836080342531, "Gradient/0.adjust_dimensions.bias": 0.0054082805290818214, "Gradient/1.linear1.weight": 0.010507293045520782, "Gradient/1.linear1.bias": 0.0021857169922441244, "Gradient/1.linear2.weight": 0.012596800923347473, "Gradient/1.linear2.bias": 0.002484079683199525, "Gradient/2.linear1.weight": 0.007234332151710987, "Gradient/2.linear1.bias": 0.0009630378917790949, "Gradient/2.linear2.weight": 0.012291177175939083, "Gradient/2.linear2.bias": 0.0023400294594466686, "Gradient/3.linear1.weight": 0.007702300325036049, "Gradient/3.linear1.bias": 0.0010206310544162989, "Gradient/3.linear2.weight": 0.014447164721786976, "Gradient/3.linear2.bias": 0.003149020951241255, "Gradient/4.linear1.weight": 0.01384785957634449, "Gradient/4.linear1.bias": 0.002056629629805684, "Gradient/4.linear2.weight": 0.019417358562350273, "Gradient/4.linear2.bias": 0.004963740706443787, "Gradient/5.weight": 0.13309359550476074, "Gradient/5.bias": 0.01983575150370598, "epoch": 9500, "loss": 0.018619181588292122, "_runtime": 1335.3548920154572, "_step": 9998}