{"Gradient/0.linear1.weight": 0.005534548778086901, "_timestamp": 1708278339.9893394, "Gradient/0.linear1.bias": 0.005188348237425089, "Gradient/0.linear2.weight": 0.005479937884956598, "Gradient/0.linear2.bias": 0.0039618355222046375, "Gradient/0.adjust_dimensions.weight": 0.0035831385757774115, "Gradient/0.adjust_dimensions.bias": 0.0039618355222046375, "Gradient/1.linear1.weight": 0.005488394759595394, "Gradient/1.linear1.bias": 0.0019372522365301847, "Gradient/1.linear2.weight": 0.008785029873251915, "Gradient/1.linear2.bias": 0.003428857307881117, "Gradient/2.linear1.weight": 0.007006035186350346, "Gradient/2.linear1.bias": 0.002588798524811864, "Gradient/2.linear2.weight": 0.008046609349548817, "Gradient/2.linear2.bias": 0.00410608621314168, "Gradient/3.weight": 0.02991623990237713, "Gradient/3.bias": 0.011677892878651619, "epoch": 19500, "loss": 0.020362794399261475, "_runtime": 1834.4201474189758, "_step": 19999, "_wandb": {"runtime": 1844}}