{"Gradient/0.linear1.weight": 0.006003697402775288, "_timestamp": 1708213561.9740405, "Gradient/0.linear1.bias": 0.005961198825389147, "Gradient/0.linear2.weight": 0.009909799322485924, "Gradient/0.linear2.bias": 0.0035479001235216856, "Gradient/0.adjust_dimensions.weight": 0.0034895469434559345, "Gradient/0.adjust_dimensions.bias": 0.0035479001235216856, "Gradient/1.linear1.weight": 0.006436988245695829, "Gradient/1.linear1.bias": 0.0014589973725378513, "Gradient/1.linear2.weight": 0.0072235348634421825, "Gradient/1.linear2.bias": 0.0014743180945515633, "Gradient/2.linear1.weight": 0.004995290189981461, "Gradient/2.linear1.bias": 0.0007762576569803059, "Gradient/2.linear2.weight": 0.006361124571412802, "Gradient/2.linear2.bias": 0.001289500156417489, "Gradient/3.linear1.weight": 0.004382635001093149, "Gradient/3.linear1.bias": 0.0006283213733695447, "Gradient/3.linear2.weight": 0.007824343629181385, "Gradient/3.linear2.bias": 0.0014462294057011604, "Gradient/4.linear1.weight": 0.005145587958395481, "Gradient/4.linear1.bias": 0.0007529448485001922, "Gradient/4.linear2.weight": 0.007287082727998495, "Gradient/4.linear2.bias": 0.0017504001734778285, "Gradient/5.weight": 0.048823513090610504, "Gradient/5.bias": 0.0059201386757195, "epoch": 9500, "loss": 0.018664877861738205, "_runtime": 1326.0770425796509, "_step": 9998}