{"Gradient/0.linear1.weight": 0.005191739648580551, "_timestamp": 1708289873.911399, "Gradient/0.linear1.bias": 0.004378655459731817, "Gradient/0.linear2.weight": 0.006334054283797741, "Gradient/0.linear2.bias": 0.003882455872371793, "Gradient/0.adjust_dimensions.weight": 0.0036362584214657545, "Gradient/0.adjust_dimensions.bias": 0.003882455872371793, "Gradient/1.linear1.weight": 0.006439563352614641, "Gradient/1.linear1.bias": 0.001889276783913374, "Gradient/1.linear2.weight": 0.009366297163069248, "Gradient/1.linear2.bias": 0.002664357889443636, "Gradient/2.linear1.weight": 0.010334702208638191, "Gradient/2.linear1.bias": 0.0024861940182745457, "Gradient/2.linear2.weight": 0.017209351062774658, "Gradient/2.linear2.bias": 0.005118365399539471, "Gradient/3.weight": 0.04804078862071037, "Gradient/3.bias": 0.010365214198827744, "epoch": 19999, "loss": 0.02046266756951809, "_runtime": 1872.6265177726746, "_step": 19999, "_wandb": {"runtime": 1882}}