{"Gradient/0.linear1.weight": 0.009531095623970032, "_timestamp": 1708283293.0813668, "Gradient/0.linear1.bias": 0.008747115731239319, "Gradient/0.linear2.weight": 0.010407811030745506, "Gradient/0.linear2.bias": 0.008816652931272984, "Gradient/0.adjust_dimensions.weight": 0.006847316864877939, "Gradient/0.adjust_dimensions.bias": 0.008816652931272984, "Gradient/1.linear1.weight": 0.011452311649918556, "Gradient/1.linear1.bias": 0.004240552894771099, "Gradient/1.linear2.weight": 0.011579628102481365, "Gradient/1.linear2.bias": 0.004884321708232164, "Gradient/2.linear1.weight": 0.011546636931598186, "Gradient/2.linear1.bias": 0.0041678608395159245, "Gradient/2.linear2.weight": 0.01680988073348999, "Gradient/2.linear2.bias": 0.005024448037147522, "Gradient/3.weight": 0.04416726902127266, "Gradient/3.bias": 0.00727900629863143, "epoch": 19500, "loss": 0.019403500482439995, "_runtime": 1860.019381761551, "_step": 19999, "_wandb": {"runtime": 1869}}