{"Gradient/0.linear1.weight": 0.003525310894474387, "_timestamp": 1708292358.2565684, "Gradient/0.linear1.bias": 0.006011007819324732, "Gradient/0.linear2.weight": 0.004043448716402054, "Gradient/0.linear2.bias": 0.003857449861243367, "Gradient/0.adjust_dimensions.weight": 0.0028835071716457605, "Gradient/0.adjust_dimensions.bias": 0.003857449861243367, "Gradient/1.linear1.weight": 0.005938475485891104, "Gradient/1.linear1.bias": 0.002249879762530327, "Gradient/1.linear2.weight": 0.005414634011685848, "Gradient/1.linear2.bias": 0.001954407198354602, "Gradient/2.linear1.weight": 0.003909527324140072, "Gradient/2.linear1.bias": 0.000980460667051375, "Gradient/2.linear2.weight": 0.006077852100133896, "Gradient/2.linear2.bias": 0.001750799361616373, "Gradient/3.weight": 0.020273979753255844, "Gradient/3.bias": 0.00458535784855485, "epoch": 19999, "loss": 0.020518600940704346, "_runtime": 1863.7187633514404, "_step": 19999, "_wandb": {"runtime": 1873}}