{"Gradient/0.linear1.weight": 0.0072543746791779995, "_timestamp": 1708285387.3367565, "Gradient/0.linear1.bias": 0.0072730351239442825, "Gradient/0.linear2.weight": 0.005176873411983252, "Gradient/0.linear2.bias": 0.00431679654866457, "Gradient/0.adjust_dimensions.weight": 0.004217458888888359, "Gradient/0.adjust_dimensions.bias": 0.00431679654866457, "Gradient/1.linear1.weight": 0.004769540391862392, "Gradient/1.linear1.bias": 0.0017477748915553093, "Gradient/1.linear2.weight": 0.005662244278937578, "Gradient/1.linear2.bias": 0.0017882764805108309, "Gradient/2.linear1.weight": 0.004898900631815195, "Gradient/2.linear1.bias": 0.0013564665568992496, "Gradient/2.linear2.weight": 0.008317118510603905, "Gradient/2.linear2.bias": 0.004073768388479948, "Gradient/3.weight": 0.023719027638435364, "Gradient/3.bias": 0.010023863054811954, "epoch": 19500, "loss": 0.01975342445075512, "_runtime": 1841.9348204135895, "_step": 19999, "_wandb": {"runtime": 1852}}