{"Gradient/0.linear1.weight": 0.005318413022905588, "_timestamp": 1708259683.171939, "Gradient/0.linear1.bias": 0.006498423870652914, "Gradient/0.linear2.weight": 0.00829378142952919, "Gradient/0.linear2.bias": 0.0034417971037328243, "Gradient/0.adjust_dimensions.weight": 0.002959414152428508, "Gradient/0.adjust_dimensions.bias": 0.0034417971037328243, "Gradient/1.linear1.weight": 0.005729529075324535, "Gradient/1.linear1.bias": 0.0014612976228818297, "Gradient/1.linear2.weight": 0.006419623736292124, "Gradient/1.linear2.bias": 0.0013699742266908288, "Gradient/2.linear1.weight": 0.0042693656869232655, "Gradient/2.linear1.bias": 0.000686200219206512, "Gradient/2.linear2.weight": 0.00691615603864193, "Gradient/2.linear2.bias": 0.0012783900601789355, "Gradient/3.linear1.weight": 0.004956499673426151, "Gradient/3.linear1.bias": 0.0007560167578049004, "Gradient/3.linear2.weight": 0.007304606027901173, "Gradient/3.linear2.bias": 0.0013977659400552511, "Gradient/4.linear1.weight": 0.005690578371286392, "Gradient/4.linear1.bias": 0.0007840118487365544, "Gradient/4.linear2.weight": 0.00812399759888649, "Gradient/4.linear2.bias": 0.0017225824994966388, "Gradient/5.weight": 0.05352078378200531, "Gradient/5.bias": 0.005036879796534777, "epoch": 9500, "loss": 0.018835460767149925, "_runtime": 1342.714823961258, "_step": 9998}