{"Gradient/0.linear1.weight": 0.006534053478389978, "_timestamp": 1708212057.4428113, "Gradient/0.linear1.bias": 0.007263914216309786, "Gradient/0.linear2.weight": 0.02566586807370186, "Gradient/0.linear2.bias": 0.00648787384852767, "Gradient/0.adjust_dimensions.weight": 0.00606945063918829, "Gradient/0.adjust_dimensions.bias": 0.00648787384852767, "Gradient/1.linear1.weight": 0.014657580293715, "Gradient/1.linear1.bias": 0.002721382537856698, "Gradient/1.linear2.weight": 0.01931115798652172, "Gradient/1.linear2.bias": 0.0043410020880401134, "Gradient/2.linear1.weight": 0.013362484984099865, "Gradient/2.linear1.bias": 0.0018780326936393976, "Gradient/2.linear2.weight": 0.024741649627685547, "Gradient/2.linear2.bias": 0.005255768075585365, "Gradient/3.linear1.weight": 0.018803656101226807, "Gradient/3.linear1.bias": 0.002855196362361312, "Gradient/3.linear2.weight": 0.03077143244445324, "Gradient/3.linear2.bias": 0.00781452376395464, "Gradient/4.linear1.weight": 0.03427918627858162, "Gradient/4.linear1.bias": 0.00673392741009593, "Gradient/4.linear2.weight": 0.031342994421720505, "Gradient/4.linear2.bias": 0.011286567896604538, "Gradient/5.weight": 0.16788212954998016, "Gradient/5.bias": 0.03394654765725136, "epoch": 500, "loss": 0.021907418966293335, "_runtime": 120.09140014648438, "_step": 905}